{
 "Dhaka": 1.2172553122043608,
 "Chattogram": 0.8223225414752959,
 "Khulna": 0.8985093653202056,
 "Rajshahi": 1.1849568426609038,
 "Rangpur": 0.8288835227489473,
 "Barishal": 1.405502277612686,
 "Sylhet": 0.6042114078998565,
 "Mymensingh": 1.114228755235672
}