{
 "national": [
  [
   0.152092,
   0.076046,
   0.152092,
   0.22813799999999995,
   0.9125519999999998,
   1.98343,
   7.449650000000001
  ],
  [
   0.152092,
   0.076046,
   0.152092,
   0.22813799999999995,
   0.9125519999999998,
   1.98343,
   7.449650000000001
  ],
  [
   0.152092,
   0.076046,
   0.152092,
   0.22813799999999995,
   0.9125519999999998,
   1.98343,
   7.449650000000001
  ],
  [
   0.152092,
   0.076046,
   0.152092,
   0.22813799999999995,
   0.9125519999999998,
   1.9834300000000002,
   7.44965
  ],
  [
   0.152092,
   0.076046,
   0.152092,
   0.22813799999999995,
   0.9125519999999998,
   1.9834300000000002,
   7.44965
  ],
  [
   0.1010865,
   0.05054325,
   0.1010865,
   0.15162974999999998,
   0.6065189999999999,
   9.04808,
   7.68676
  ],
  [
   0.06529030769230769,
   0.032645153846153845,
   0.06529030769230769,
   0.09793546153846154,
   0.39174184615384616,
   1.6722461538461533,
   10.671863846153846
  ]
 ],
 "urban": [
  [
   0.15066400000000002,
   0.07533200000000001,
   0.15066400000000002,
   0.22599599999999997,
   0.9039839999999999,
   1.8202200000000002,
   7.6742
  ],
  [
   0.15066400000000002,
   0.07533200000000001,
   0.15066400000000002,
   0.22599599999999997,
   0.9039839999999999,
   1.8202200000000002,
   7.6742
  ],
  [
   0.15066400000000002,
   0.07533200000000001,
   0.15066400000000002,
   0.22599599999999997,
   0.9039839999999999,
   1.8202200000000002,
   7.6742
  ],
  [
   0.15066400000000002,
   0.07533200000000001,
   0.15066400000000002,
   0.22599599999999997,
   0.9039839999999999,
   1.82022,
   7.674199999999999
  ],
  [
   0.15066400000000002,
   0.07533200000000001,
   0.15066400000000002,
   0.22599599999999997,
   0.9039839999999999,
   1.82022,
   7.674199999999999
  ],
  [
   0.108153,
   0.0540765,
   0.108153,
   0.1622295,
   0.648918,
   11.586875000000001,
   8.02037
  ],
  [
   0.06214192307692308,
   0.03107096153846154,
   0.06214192307692308,
   0.0932128846153846,
   0.3728515384615384,
   1.6383215384615382,
   11.335859230769232
  ]
 ],
 "rural": [
  [
   0.16525800000000002,
   0.08262900000000001,
   0.16525800000000002,
   0.24788699999999997,
   0.9915479999999999,
   2.0748699999999998,
   7.5134799999999995
  ],
  [
   0.16525800000000002,
   0.08262900000000001,
   0.16525800000000002,
   0.24788699999999997,
   0.9915479999999999,
   2.0748699999999998,
   7.5134799999999995
  ],
  [
   0.16525800000000002,
   0.08262900000000001,
   0.16525800000000002,
   0.24788699999999997,
   0.9915479999999999,
   2.0748699999999998,
   7.5134799999999995
  ],
  [
   0.16525800000000002,
   0.08262900000000001,
   0.16525800000000002,
   0.24788699999999997,
   0.9915479999999999,
   2.0748699999999998,
   7.51348
  ],
  [
   0.16525800000000002,
   0.08262900000000001,
   0.16525800000000002,
   0.24788699999999997,
   0.9915479999999999,
   2.0748699999999998,
   7.51348
  ],
  [
   0.10640200000000001,
   0.053201000000000005,
   0.10640200000000001,
   0.159603,
   0.638412,
   9.231735,
   7.744035
  ],
  [
   0.06865307692307693,
   0.034326538461538464,
   0.06865307692307693,
   0.10297961538461539,
   0.41191846153846157,
   1.7434999999999996,
   10.873692307692307
  ]
 ],
 "labels": [
  "0-5mo",
  "6-8mo",
  "9-14mo",
  "15-23mo",
  "24-59mo",
  "5-14y",
  "15+y"
 ],
 "source": "Prem, van Zandvoort, Klepac et al. synthetic contact matrices, Bangladesh (BGD), all-location; collapsed from published 5-year bands onto model age groups. Groups below 5 years inherit the 0-4y band under a homogeneous within-band assumption."
}